{"bbox_num/gt_bboxes": 23.0, "data_time": 0.0056567050341982394, "eta_seconds": 0.0, "fast_rcnn/cls_accuracy": 0.936767578125, "fast_rcnn/false_negative": 1.0, "fast_rcnn/fg_cls_accuracy": 0.0, "iteration": 19, "loss_box_reg": 0.057340485975146294, "loss_cls": 0.5294379442930222, "loss_rpn_cls": 0.49626290798187256, "loss_rpn_loc": 0.167659193277359, "lr": 0.0095005, "roi_head/num_bg_samples": 480.75, "roi_head/num_fg_samples": 31.25, "rpn/num_neg_anchors": 216.125, "rpn/num_pos_anchors": 39.875, "time": 0.16740617001778446, "total_loss": 1.268130835145712}
